TEAM_ID,TEAM_NAME,SEASON,games_played,wins,losses,avg_pts,avg_ast,avg_reb,avg_fg_pct,avg_fg3_pct,avg_ft_pct
1610612737,Atlanta Hawks,2010,82,44,38,95.0,21.975609756097562,39.292682926829265,46.337804878048786,35.94878048780488,77.32682926829268
1610612737,Atlanta Hawks,2011,66,40,26,96.5909090909091,22.439393939393938,41.18181818181818,45.46060606060606,37.17272727272727,74.86363636363636
1610612737,Atlanta Hawks,2012,82,44,38,97.95121951219512,24.475609756097562,40.86585365853659,46.56463414634147,37.33170731707317,70.85121951219512
1610612737,Atlanta Hawks,2013,82,38,44,101.0,24.890243902439025,39.97560975609756,45.85243902439024,35.979268292682924,78.29634146341465
1610612737,Atlanta Hawks,2014,82,60,22,102.54878048780488,25.74390243902439,40.5609756097561,46.71829268292683,38.014634146341464,77.65121951219513
1610612737,Atlanta Hawks,2015,82,48,34,102.84146341463415,25.609756097560975,42.08536585365854,45.862195121951224,35.16463414634147,77.80121951219512
1610612737,Atlanta Hawks,2016,82,43,39,103.15853658536585,23.634146341463413,44.329268292682926,45.20975609756098,34.13414634146341,72.60609756097561
1610612737,Atlanta Hawks,2017,82,24,58,103.35365853658537,23.73170731707317,41.90243902439025,44.7719512195122,36.34634146341463,78.70975609756098
1610612737,Atlanta Hawks,2018,82,29,53,113.34146341463415,25.829268292682926,46.09756097560975,45.178048780487806,35.09756097560976,75.18170731707318
1610612737,Atlanta Hawks,2019,67,20,47,111.76119402985074,23.955223880597014,43.25373134328358,45.02985074626865,33.244776119402985,78.83582089552239
1610612737,Atlanta Hawks,2020,72,41,31,113.69444444444444,24.125,45.625,46.91388888888889,37.019444444444446,81.34444444444443
1610612737,Atlanta Hawks,2021,82,43,39,113.9390243902439,24.597560975609756,43.97560975609756,47.113414634146345,37.17439024390244,81.17682926829268
1610612737,Atlanta Hawks,2022,82,41,41,118.42682926829268,24.98780487804878,44.3780487804878,48.4329268292683,35.33902439024391,81.96585365853659
1610612737,Atlanta Hawks,2023,82,36,46,118.32926829268293,26.585365853658537,44.670731707317074,46.641463414634146,36.415853658536584,79.42926829268293
1610612737,Atlanta Hawks,2024,82,40,42,118.1829268292683,29.585365853658537,44.5,47.362195121951224,35.70609756097561,77.38170731707318
1610612737,Atlanta Hawks,2025,39,18,21,118.43589743589743,31.153846153846153,41.92307692307692,47.95641025641025,36.94102564102565,77.5923076923077
1610612738,Boston Celtics,2010,82,56,26,96.5,23.426829268292682,38.792682926829265,48.69390243902439,36.14512195121951,76.77682926829267
1610612738,Boston Celtics,2011,66,39,27,91.84848484848484,23.59090909090909,38.78787878787879,46.195454545454545,36.10606060606061,78.58636363636363
1610612738,Boston Celtics,2012,82,41,41,95.34146341463415,22.475609756097562,38.86585365853659,46.641975308641975,36.00493827160494,77.64814814814815
1610612738,Boston Celtics,2013,82,25,57,96.2439024390244,21.048780487804876,42.5,43.7,32.71707317073171,78.54146341463414
1610612738,Boston Celtics,2014,82,40,42,101.36585365853658,24.5,43.84146341463415,44.4329268292683,32.61829268292683,75.67439024390244
1610612738,Boston Celtics,2015,82,48,34,105.71951219512195,24.158536585365855,44.91463414634146,44.01341463414634,33.53048780487805,78.86951219512196
1610612738,Boston Celtics,2016,82,53,29,108.01219512195122,25.23170731707317,41.96341463414634,45.50243902439024,35.87439024390244,81.02317073170731
1610612738,Boston Celtics,2017,82,55,27,104.01219512195122,22.463414634146343,44.451219512195124,45.12804878048781,38.1280487804878,77.16219512195123
1610612738,Boston Celtics,2018,82,49,33,112.39024390243902,26.28048780487805,44.548780487804876,46.582926829268295,36.30121951219512,80.6378048780488
1610612738,Boston Celtics,2019,72,48,24,113.65277777777777,22.98611111111111,46.06944444444444,46.19166666666667,36.58472222222222,80.29166666666667
1610612738,Boston Celtics,2020,72,36,36,112.625,23.458333333333332,44.25,46.736111111111114,37.54722222222222,77.82916666666667
1610612738,Boston Celtics,2021,82,51,31,111.7560975609756,24.829268292682926,46.073170731707314,46.708536585365856,35.24390243902439,81.64878048780487
1610612738,Boston Celtics,2022,82,57,25,117.9390243902439,26.658536585365855,45.329268292682926,47.63048780487805,37.54024390243902,80.96463414634147
1610612738,Boston Celtics,2023,82,64,18,120.57317073170732,26.914634146341463,46.329268292682926,48.765853658536585,38.759756097560974,80.57160493827162
1610612738,Boston Celtics,2024,82,61,21,116.26829268292683,26.146341463414632,45.31707317073171,46.31219512195122,36.90731707317073,80.06951219512194
1610612738,Boston Celtics,2025,36,23,13,117.55555555555556,23.805555555555557,44.361111111111114,47.46666666666667,36.91666666666667,78.825
1610612739,Cleveland Cavaliers,2010,82,19,63,95.45121951219512,20.975609756097562,40.30487804878049,43.52926829268293,34.13414634146341,74.3219512195122
1610612739,Cleveland Cavaliers,2011,66,21,45,93.03030303030303,19.818181818181817,42.27272727272727,42.30757575757576,34.39696969696969,71.90757575757576
1610612739,Cleveland Cavaliers,2012,82,24,58,96.5,20.658536585365855,41.01219512195122,43.482926829268294,34.40243902439025,75.53536585365853
1610612739,Cleveland Cavaliers,2013,82,33,49,98.21951219512195,21.195121951219512,44.1219512195122,43.7780487804878,35.47682926829269,74.95
1610612739,Cleveland Cavaliers,2014,82,53,29,103.13414634146342,22.121951219512194,42.96341463414634,45.891463414634146,36.37560975609756,74.50975609756098
1610612739,Cleveland Cavaliers,2015,82,57,25,104.32926829268293,22.695121951219512,44.51219512195122,46.19512195121951,36.24512195121951,74.91463414634147
1610612739,Cleveland Cavaliers,2016,82,51,31,110.34146341463415,22.658536585365855,43.74390243902439,47.08292682926829,38.21707317073171,74.39146341463415
1610612739,Cleveland Cavaliers,2017,82,50,32,110.86585365853658,23.365853658536587,42.13414634146341,47.72317073170732,37.23658536585366,77.80853658536586
1610612739,Cleveland Cavaliers,2018,82,19,63,104.47560975609755,20.70731707317073,42.65853658536585,44.47560975609756,35.202439024390245,78.61951219512196
1610612739,Cleveland Cavaliers,2019,65,19,46,106.8923076923077,23.076923076923077,44.246153846153845,45.98307692307692,34.78153846153846,75.74000000000001
1610612739,Cleveland Cavaliers,2020,72,22,50,103.83333333333333,23.833333333333332,42.75,45.05277777777778,33.67777777777778,74.27361111111111
1610612739,Cleveland Cavaliers,2021,82,44,38,107.79268292682927,25.170731707317074,44.18292682926829,46.9670731707317,35.28170731707318,76.67073170731707
1610612739,Cleveland Cavaliers,2022,82,51,31,112.2560975609756,24.9390243902439,41.08536585365854,48.951219512195124,36.63170731707317,78.3670731707317
1610612739,Cleveland Cavaliers,2023,82,48,34,112.63414634146342,28.036585365853657,43.28048780487805,47.954878048780486,36.63780487804878,76.2109756097561
1610612739,Cleveland Cavaliers,2024,82,64,18,121.9390243902439,28.097560975609756,45.40243902439025,49.14512195121951,38.4609756097561,77.1731707317073
1610612739,Cleveland Cavaliers,2025,39,21,18,119.28205128205128,27.923076923076923,44.92307692307692,46.94615384615385,35.199999999999996,78.0948717948718
1610612740,New Orleans Pelicans,2010,82,46,36,94.92682926829268,20.621951219512194,40.146341463414636,45.95,36.24634146341463,76.63536585365853
1610612740,New Orleans Pelicans,2011,66,21,45,89.63636363636364,20.727272727272727,41.13636363636363,45.28484848484849,33.627272727272725,76.05
1610612740,New Orleans Pelicans,2012,82,27,55,94.07317073170732,20.98780487804878,41.63414634146341,44.8890243902439,35.834146341463416,77.98414634146343
1610612740,New Orleans Pelicans,2013,82,34,48,99.71951219512195,21.28048780487805,41.69512195121951,46.02682926829268,37.25,77.17682926829269
1610612740,New Orleans Pelicans,2014,82,45,37,99.35365853658537,22.024390243902438,43.451219512195124,45.851219512195115,37.15,74.81341463414634
1610612740,New Orleans Pelicans,2015,82,30,52,102.71951219512195,22.170731707317074,42.609756097560975,44.892682926829266,35.76341463414634,77.92560975609756
1610612740,New Orleans Pelicans,2016,82,34,48,104.34146341463415,22.79268292682927,43.68292682926829,45.09390243902438,34.665853658536584,74.71219512195123
1610612740,New Orleans Pelicans,2017,82,48,34,111.71951219512195,26.76829268292683,44.329268292682926,48.4329268292683,35.94390243902439,77.43536585365854
1610612740,New Orleans Pelicans,2018,82,33,49,115.4390243902439,27.024390243902438,47.292682926829265,47.456097560975614,34.40731707317073,75.74634146341464
1610612740,New Orleans Pelicans,2019,72,30,42,115.84722222222223,26.833333333333332,46.5,46.61527777777778,36.988888888888894,72.69583333333334
1610612740,New Orleans Pelicans,2020,72,31,41,114.59722222222223,26.0,47.40277777777778,47.87638888888889,34.69027777777778,72.71388888888889
1610612740,New Orleans Pelicans,2021,82,36,46,109.29268292682927,24.963414634146343,45.207317073170735,45.795121951219514,33.55609756097561,78.97682926829268
1610612740,New Orleans Pelicans,2022,82,42,40,114.36585365853658,25.878048780487806,43.69512195121951,48.135365853658534,36.15609756097561,79.49024390243903
1610612740,New Orleans Pelicans,2023,82,49,33,115.07317073170732,26.951219512195124,43.96341463414634,48.67682926829268,37.81341463414634,77.08414634146342
1610612740,New Orleans Pelicans,2024,82,21,61,109.82926829268293,25.841463414634145,43.609756097560975,45.24634146341464,34.485365853658536,75.16829268292683
1610612740,New Orleans Pelicans,2025,39,8,31,114.46153846153847,24.76923076923077,43.282051282051285,45.91538461538461,33.63333333333334,78.96153846153847
1610612741,Chicago Bulls,2010,82,62,20,98.6219512195122,22.28048780487805,44.15853658536585,46.323170731707314,36.03292682926829,74.20121951219511
1610612741,Chicago Bulls,2011,66,50,16,96.34848484848484,23.136363636363637,46.666666666666664,45.266666666666666,37.584848484848486,71.95
1610612741,Chicago Bulls,2012,82,45,37,93.1829268292683,23.0,43.170731707317074,43.85975609756098,35.08170731707317,77.43292682926828
1610612741,Chicago Bulls,2013,82,48,34,93.65853658536585,22.682926829268293,44.146341463414636,43.3280487804878,34.65975609756097,78.11219512195122
1610612741,Chicago Bulls,2014,82,50,32,100.79268292682927,21.71951219512195,45.74390243902439,44.31829268292683,35.358536585365854,78.1890243902439
1610612741,Chicago Bulls,2015,82,42,40,101.64634146341463,22.804878048780488,46.292682926829265,44.321951219512194,36.88780487804878,78.20121951219512
1610612741,Chicago Bulls,2016,82,41,41,102.86585365853658,22.573170731707318,46.292682926829265,44.47439024390244,33.44024390243903,79.73536585365854
1610612741,Chicago Bulls,2017,82,27,55,102.92682926829268,23.451219512195124,44.65853658536585,43.58414634146341,35.35121951219512,75.70365853658537
1610612741,Chicago Bulls,2018,82,22,60,104.9390243902439,21.902439024390244,42.890243902439025,45.41829268292683,34.918292682926825,78.82926829268293
1610612741,Chicago Bulls,2019,65,22,43,106.84615384615384,23.23076923076923,41.86153846153846,44.78923076923077,34.79692307692307,75.18923076923076
1610612741,Chicago Bulls,2020,72,31,41,110.68055555555556,26.76388888888889,44.958333333333336,47.71944444444444,36.55277777777778,79.19444444444444
1610612741,Chicago Bulls,2021,82,46,36,111.60975609756098,23.878048780487806,42.329268292682926,48.02560975609756,36.65,80.8609756097561
1610612741,Chicago Bulls,2022,82,40,42,113.1219512195122,24.463414634146343,42.353658536585364,49.14512195121951,35.699999999999996,80.77560975609757
1610612741,Chicago Bulls,2023,82,39,43,112.26829268292683,24.975609756097562,43.81707317073171,47.13536585365854,35.69024390243903,79.27439024390243
1610612741,Chicago Bulls,2024,82,39,43,117.8048780487805,29.0609756097561,45.853658536585364,47.05853658536586,36.84512195121951,80.92926829268292
1610612741,Chicago Bulls,2025,37,17,20,117.10810810810811,29.35135135135135,45.5945945945946,47.18648648648649,36.024324324324326,77.98108108108109
1610612742,Dallas Mavericks,2010,82,57,25,100.2439024390244,23.829268292682926,41.4390243902439,47.5329268292683,36.44268292682927,77.49999999999999
1610612742,Dallas Mavericks,2011,66,36,30,95.78787878787878,20.90909090909091,42.75757575757576,44.36212121212122,34.059090909090905,77.13030303030303
1610612742,Dallas Mavericks,2012,82,41,41,101.13414634146342,23.24390243902439,41.91463414634146,46.267073170731706,36.609756097560975,79.19634146341463
1610612742,Dallas Mavericks,2013,82,49,33,104.84146341463415,23.597560975609756,40.90243902439025,47.47439024390244,38.18048780487805,78.88292682926829
1610612742,Dallas Mavericks,2014,82,50,32,105.21951219512195,22.51219512195122,42.26829268292683,46.353658536585364,34.90365853658536,75.63536585365854
1610612742,Dallas Mavericks,2015,82,42,40,102.29268292682927,22.109756097560975,43.073170731707314,44.479268292682924,34.30121951219512,79.29878048780489
1610612742,Dallas Mavericks,2016,82,33,49,97.91463414634147,20.79268292682927,38.573170731707314,44.03414634146341,35.536585365853654,79.72439024390243
1610612742,Dallas Mavericks,2017,82,24,58,102.3170731707317,22.658536585365855,41.25609756097561,44.551219512195125,36.0890243902439,76.31829268292684
1610612742,Dallas Mavericks,2018,82,33,49,108.86585365853658,23.390243902439025,45.31707317073171,44.76585365853658,34.14512195121951,74.15243902439025
1610612742,Dallas Mavericks,2019,75,43,32,117.01333333333334,24.653333333333332,46.93333333333333,46.18266666666667,36.68266666666667,77.89466666666667
1610612742,Dallas Mavericks,2020,72,42,30,112.44444444444444,22.875,43.333333333333336,47.041666666666664,35.955555555555556,77.56805555555555
1610612742,Dallas Mavericks,2021,82,52,30,108.02439024390245,23.390243902439025,43.02439024390244,46.230487804878045,35.10243902439024,77.5158536585366
1610612742,Dallas Mavericks,2022,82,38,44,114.21951219512195,22.926829268292682,38.792682926829265,47.6280487804878,37.13170731707317,74.91463414634147
1610612742,Dallas Mavericks,2023,82,50,32,117.85365853658537,25.682926829268293,42.9390243902439,48.14878048780488,36.701219512195124,75.31829268292684
1610612742,Dallas Mavericks,2024,82,39,43,114.1951219512195,25.24390243902439,43.048780487804876,47.981707317073166,36.24512195121951,76.74878048780488
1610612742,Dallas Mavericks,2025,38,14,24,113.13157894736842,25.13157894736842,44.78947368421053,47.034210526315796,33.455263157894734,76.26578947368422
1610612743,Denver Nuggets,2010,82,50,32,107.45121951219512,22.109756097560975,41.98780487804878,47.55,37.98170731707317,76.58170731707317
1610612743,Denver Nuggets,2011,66,38,28,104.12121212121212,23.954545454545453,43.07575757575758,47.65909090909091,33.48181818181818,73.60303030303031
1610612743,Denver Nuggets,2012,82,57,25,106.14634146341463,24.414634146341463,45.03658536585366,47.97073170731707,34.21219512195122,69.90243902439023
1610612743,Denver Nuggets,2013,82,36,46,104.3780487804878,22.414634146341463,45.4390243902439,44.74512195121952,35.71951219512195,72.71097560975609
1610612743,Denver Nuggets,2014,82,30,52,101.46341463414635,21.804878048780488,44.69512195121951,43.4439024390244,32.702439024390245,73.28048780487806
1610612743,Denver Nuggets,2015,82,33,49,101.89024390243902,22.658536585365855,44.6219512195122,44.23536585365854,33.6829268292683,76.9829268292683
1610612743,Denver Nuggets,2016,82,40,42,111.71951219512195,25.329268292682926,46.3780487804878,47.0890243902439,36.81219512195122,77.23414634146341
1610612743,Denver Nuggets,2017,82,46,36,110.0,25.109756097560975,44.51219512195122,47.03414634146341,36.72073170731707,77.09634146341463
1610612743,Denver Nuggets,2018,82,54,28,110.67073170731707,27.378048780487806,46.390243902439025,46.69512195121951,34.97073170731707,76.3780487804878
1610612743,Denver Nuggets,2019,73,46,27,111.28767123287672,26.73972602739726,44.136986301369866,47.45753424657534,35.49452054794521,77.10000000000001
1610612743,Denver Nuggets,2020,72,47,25,115.05555555555556,26.84722222222222,44.44444444444444,48.62222222222223,37.77916666666667,80.77222222222223
1610612743,Denver Nuggets,2021,82,48,34,112.71951219512195,27.79268292682927,44.109756097560975,48.37926829268292,35.15487804878049,79.6329268292683
1610612743,Denver Nuggets,2022,82,53,29,115.79268292682927,28.878048780487806,43.01219512195122,50.53658536585366,37.60121951219512,75.36585365853658
1610612743,Denver Nuggets,2023,82,57,25,114.85365853658537,29.451219512195124,44.4390243902439,49.702439024390245,37.326829268292684,75.96219512195123
1610612743,Denver Nuggets,2024,82,50,32,120.7560975609756,31.0,45.74390243902439,50.729268292682924,37.65975609756097,77.13780487804878
1610612743,Denver Nuggets,2025,37,25,12,124.08108108108108,29.08108108108108,43.16216216216216,50.786486486486496,40.086486486486486,82.23243243243242
1610612744,Golden State Warriors,2010,82,36,46,103.3780487804878,22.524390243902438,40.548780487804876,46.206097560975614,38.42926829268293,75.4890243902439
1610612744,Golden State Warriors,2011,66,23,43,97.77272727272727,22.272727272727273,39.196969696969695,45.849999999999994,37.984848484848484,76.97424242424242
1610612744,Golden State Warriors,2012,82,47,35,101.17073170731707,22.5,44.951219512195124,45.854878048780485,40.010975609756095,79.26341463414633
1610612744,Golden State Warriors,2013,82,51,31,104.2560975609756,23.317073170731707,45.30487804878049,46.231707317073166,37.90487804878049,75.60487804878049
1610612744,Golden State Warriors,2014,82,67,15,109.95121951219512,27.414634146341463,44.71951219512195,47.923170731707316,39.787804878048775,76.73780487804878
1610612744,Golden State Warriors,2015,82,73,9,114.89024390243902,28.9390243902439,46.19512195121951,48.84756097560975,41.423170731707316,76.78414634146341
1610612744,Golden State Warriors,2016,82,67,15,115.89024390243902,30.378048780487806,44.426829268292686,49.59634146341463,38.59512195121951,78.42317073170732
1610612744,Golden State Warriors,2017,82,58,24,113.46341463414635,29.29268292682927,43.51219512195122,50.35243902439025,38.88048780487805,81.39268292682928
1610612744,Golden State Warriors,2018,82,57,25,117.6829268292683,29.426829268292682,46.18292682926829,49.14024390243903,38.45,80.35853658536585
1610612744,Golden State Warriors,2019,65,15,50,106.33846153846154,25.584615384615386,42.84615384615385,43.903076923076924,33.175384615384615,80.01846153846154
1610612744,Golden State Warriors,2020,72,39,33,113.70833333333333,27.65277777777778,43.02777777777778,46.916666666666664,37.419444444444444,78.2875
1610612744,Golden State Warriors,2021,82,53,29,111.0,27.109756097560975,45.48780487804878,46.918292682926825,36.452439024390245,77.17073170731707
1610612744,Golden State Warriors,2022,82,44,38,118.9390243902439,29.829268292682926,44.59756097560975,47.97926829268293,38.46341463414634,79.35243902439024
1610612744,Golden State Warriors,2023,82,46,36,117.76829268292683,29.29268292682927,46.707317073170735,47.79390243902439,37.90609756097561,77.72195121951219
1610612744,Golden State Warriors,2024,82,48,34,113.79268292682927,29.097560975609756,45.3780487804878,45.15853658536585,36.30487804878049,75.76341463414634
1610612744,Golden State Warriors,2025,38,20,18,114.97368421052632,28.07894736842105,43.473684210526315,45.439473684210526,35.9078947368421,81.4421052631579
1610612745,Houston Rockets,2010,82,43,39,105.91463414634147,23.841463414634145,42.81707317073171,45.55853658536585,36.63170731707317,80.22682926829269
1610612745,Houston Rockets,2011,66,34,32,98.0909090909091,21.272727272727273,42.166666666666664,45.01969696969697,36.1,77.97878787878788
1610612745,Houston Rockets,2012,82,45,37,105.95121951219512,23.195121951219512,43.426829268292686,46.10853658536585,36.58170731707317,75.51219512195122
1610612745,Houston Rockets,2013,82,54,28,107.67073170731707,21.402439024390244,45.329268292682926,47.353658536585364,35.65975609756097,71.39024390243902
1610612745,Houston Rockets,2014,82,56,26,103.92682926829268,22.195121951219512,43.68292682926829,44.47195121951219,34.84756097560975,71.79146341463415
1610612745,Houston Rockets,2015,82,41,41,106.54878048780488,22.20731707317073,43.0609756097561,45.24999999999999,34.806097560975616,69.9560975609756
1610612745,Houston Rockets,2016,82,55,27,115.34146341463415,25.24390243902439,44.36585365853659,46.328048780487805,35.61829268292683,76.47560975609757
1610612745,Houston Rockets,2017,82,65,17,112.35365853658537,21.548780487804876,43.46341463414634,46.03048780487804,36.38292682926829,78.02317073170731
1610612745,Houston Rockets,2018,82,53,29,113.91463414634147,21.23170731707317,42.0609756097561,45.07926829268293,35.363414634146345,79.21463414634147
1610612745,Houston Rockets,2019,72,44,28,117.80555555555556,21.625,44.27777777777778,45.165277777777774,34.637499999999996,79.375
1610612745,Houston Rockets,2020,72,17,55,108.79166666666667,23.59722222222222,42.59722222222222,44.41111111111111,33.863888888888894,74.10972222222223
1610612745,Houston Rockets,2021,82,20,62,109.71951219512195,23.5609756097561,42.02439024390244,45.69756097560976,34.58536585365854,71.2719512195122
1610612745,Houston Rockets,2022,82,22,60,110.7439024390244,22.378048780487806,46.28048780487805,45.72073170731707,32.31463414634146,75.20975609756097
1610612745,Houston Rockets,2023,82,41,41,114.32926829268293,24.817073170731707,45.451219512195124,45.94756097560976,35.20609756097561,76.93292682926828
1610612745,Houston Rockets,2024,82,52,30,114.29268292682927,23.341463414634145,48.46341463414634,45.51219512195122,35.25365853658537,74.03170731707317
1610612745,Houston Rockets,2025,34,22,12,118.88235294117646,25.323529411764707,49.05882352941177,48.76764705882353,38.779411764705884,77.80882352941177
1610612746,Los Angeles Clippers,2010,82,32,50,98.64634146341463,22.109756097560975,42.146341463414636,45.78292682926829,33.74268292682927,70.53536585365853
1610612746,Los Angeles Clippers,2011,66,40,26,97.54545454545455,20.984848484848484,41.56060606060606,45.57424242424242,35.192424242424245,67.4409090909091
1610612746,Los Angeles Clippers,2012,82,56,26,101.08536585365853,23.878048780487806,41.6219512195122,47.8,35.43780487804879,71.7329268292683
1610612746,Los Angeles Clippers,2013,82,57,25,107.92682926829268,24.585365853658537,43.0,47.53658536585366,35.12560975609757,73.15609756097561
1610612746,Los Angeles Clippers,2014,82,56,26,106.71951219512195,24.76829268292683,42.6219512195122,47.349999999999994,37.24756097560976,71.14512195121951
1610612746,Los Angeles Clippers,2015,82,53,29,104.5,22.841463414634145,42.048780487804876,46.62073170731707,36.517073170731706,70.67682926829268
1610612746,Los Angeles Clippers,2016,82,51,31,108.67073170731707,22.536585365853657,43.02439024390244,47.63292682926829,37.36829268292683,74.88780487804878
1610612746,Los Angeles Clippers,2017,82,42,40,108.98780487804878,22.341463414634145,43.8780487804878,47.296341463414635,35.11585365853659,73.93170731707318
1610612746,Los Angeles Clippers,2018,82,48,34,115.14634146341463,24.024390243902438,45.51219512195122,47.2,38.75365853658537,78.9451219512195
1610612746,Los Angeles Clippers,2019,72,49,23,116.34722222222223,23.72222222222222,47.65277777777778,46.65416666666667,36.94444444444444,79.26527777777778
1610612746,Los Angeles Clippers,2020,72,47,25,114.01388888888889,24.38888888888889,44.15277777777778,48.31111111111111,41.25555555555556,83.88194444444444
1610612746,Los Angeles Clippers,2021,82,42,40,108.41463414634147,24.01219512195122,43.98780487804878,45.8780487804878,37.30365853658537,78.97439024390243
1610612746,Los Angeles Clippers,2022,82,44,38,113.58536585365853,23.890243902439025,43.23170731707317,47.91219512195122,37.68292682926829,77.50853658536586
1610612746,Los Angeles Clippers,2023,82,51,31,115.6219512195122,25.573170731707318,42.96341463414634,48.91341463414635,38.24268292682927,82.99878048780488
1610612746,Los Angeles Clippers,2024,82,50,32,112.8780487804878,25.170731707317074,43.792682926829265,48.30975609756097,37.72682926829268,79.58414634146341
1610612746,Los Angeles Clippers,2025,36,13,23,112.08333333333333,23.583333333333332,40.583333333333336,47.32222222222223,36.23888888888889,84.35000000000001
1610612747,Los Angeles Lakers,2010,82,57,25,101.47560975609755,21.963414634146343,43.96341463414634,46.37195121951219,35.15609756097561,77.41341463414633
1610612747,Los Angeles Lakers,2011,66,41,25,97.3030303030303,22.5,46.21212121212121,45.76212121212121,32.25151515151515,75.77424242424243
1610612747,Los Angeles Lakers,2012,82,45,37,102.20731707317073,22.170731707317074,44.80487804878049,45.96341463414634,35.34390243902439,69.63536585365854
1610612747,Los Angeles Lakers,2013,82,27,55,102.95121951219512,24.463414634146343,41.03658536585366,45.09268292682927,37.707317073170735,75.79512195121951
1610612747,Los Angeles Lakers,2014,82,21,61,98.45121951219512,20.914634146341463,43.890243902439025,43.56463414634146,34.0280487804878,73.86829268292684
1610612747,Los Angeles Lakers,2015,82,17,65,97.34146341463415,18.024390243902438,42.96341463414634,41.53170731707317,31.78658536585366,77.84634146341463
1610612747,Los Angeles Lakers,2016,82,26,56,104.57317073170732,20.926829268292682,43.52439024390244,45.048780487804876,34.25,75.53780487804879
1610612747,Los Angeles Lakers,2017,82,35,47,108.07317073170732,23.76829268292683,46.3780487804878,46.0890243902439,33.99756097560976,71.84512195121951
1610612747,Los Angeles Lakers,2018,82,37,45,111.76829268292683,25.5609756097561,46.58536585365854,47.10243902439025,33.1170731707317,69.76829268292684
1610612747,Los Angeles Lakers,2019,71,52,19,113.43661971830986,25.3943661971831,45.732394366197184,47.9112676056338,34.77042253521127,72.84788732394367
1610612747,Los Angeles Lakers,2020,72,42,30,109.54166666666667,24.65277777777778,44.236111111111114,47.209722222222226,35.34305555555555,73.85
1610612747,Los Angeles Lakers,2021,82,33,49,112.09756097560975,24.0,44.0,46.91463414634146,34.68170731707317,73.52073170731708
1610612747,Los Angeles Lakers,2022,82,43,39,117.17073170731707,25.26829268292683,45.707317073170735,48.30975609756097,34.80365853658537,77.33536585365853
1610612747,Los Angeles Lakers,2023,82,47,35,118.03658536585365,28.536585365853657,43.109756097560975,49.960975609756105,37.426829268292686,77.41707317073171
1610612747,Los Angeles Lakers,2024,82,50,32,113.39024390243902,25.98780487804878,42.426829268292686,47.96707317073171,36.4780487804878,78.82560975609756
1610612747,Los Angeles Lakers,2025,35,23,12,116.34285714285714,24.857142857142858,41.285714285714285,49.82285714285714,34.22571428571428,77.36857142857143
1610612748,Miami Heat,2010,82,58,24,102.0609756097561,19.98780487804878,42.146341463414636,48.117073170731715,36.735365853658536,76.70121951219512
1610612748,Miami Heat,2011,66,46,20,98.48484848484848,19.954545454545453,41.60606060606061,46.95909090909091,35.24848484848484,77.23333333333333
1610612748,Miami Heat,2012,82,66,16,102.8780487804878,23.048780487804876,38.609756097560975,49.702439024390245,39.356097560975606,75.90609756097561
1610612748,Miami Heat,2013,82,54,28,102.1951219512195,22.524390243902438,36.8780487804878,50.18292682926829,36.415853658536584,76.34634146341463
1610612748,Miami Heat,2014,82,37,45,94.6829268292683,19.829268292682926,39.1219512195122,45.670731707317074,33.58536585365853,74.19878048780487
1610612748,Miami Heat,2015,82,48,34,100.04878048780488,20.841463414634145,44.1219512195122,47.19024390243902,33.3109756097561,74.78780487804877
1610612748,Miami Heat,2016,82,41,41,103.17073170731707,21.24390243902439,43.6219512195122,45.58414634146341,36.09024390243902,70.77926829268293
1610612748,Miami Heat,2017,82,44,38,103.41463414634147,22.70731707317073,43.46341463414634,45.60243902439024,35.797560975609755,75.57682926829268
1610612748,Miami Heat,2018,82,39,43,105.70731707317073,24.28048780487805,46.34146341463415,45.18536585365854,35.05731707317073,68.91951219512195
1610612748,Miami Heat,2019,73,44,29,112.04109589041096,25.91780821917808,44.36986301369863,46.89178082191781,38.019178082191786,78.0068493150685
1610612748,Miami Heat,2020,72,40,32,108.06944444444444,26.319444444444443,41.5,46.86527777777778,35.91111111111112,78.95416666666667
1610612748,Miami Heat,2021,82,53,29,110.02439024390245,25.48780487804878,43.71951219512195,46.80487804878049,37.85609756097561,81.25243902439023
1610612748,Miami Heat,2022,82,44,38,109.47560975609755,23.841463414634145,40.59756097560975,46.04512195121951,34.431707317073176,82.81829268292682
1610612748,Miami Heat,2023,82,46,36,110.14634146341463,25.804878048780488,42.292682926829265,46.546341463414635,37.0,81.68048780487804
1610612748,Miami Heat,2024,82,37,45,110.59756097560975,26.414634146341463,43.390243902439025,46.58780487804878,37.03414634146341,79.62926829268294
1610612748,Miami Heat,2025,37,20,17,120.10810810810811,28.7027027027027,45.648648648648646,46.921621621621625,36.56216216216217,80.0945945945946
1610612749,Milwaukee Bucks,2010,82,35,47,91.8780487804878,18.841463414634145,40.75609756097561,43.0939024390244,34.1780487804878,75.80121951219512
1610612749,Milwaukee Bucks,2011,66,31,35,99.01515151515152,23.484848484848484,42.46969696969697,44.334848484848486,33.915151515151514,77.85909090909091
1610612749,Milwaukee Bucks,2012,82,38,44,98.8780487804878,22.878048780487806,43.96341463414634,43.56585365853658,35.575609756097556,73.49878048780486
1610612749,Milwaukee Bucks,2013,82,15,67,95.47560975609755,21.463414634146343,41.09756097560975,43.9829268292683,35.65243902439024,74.48536585365854
1610612749,Milwaukee Bucks,2014,82,41,41,97.84146341463415,23.5609756097561,42.073170731707314,46.074390243902435,36.38292682926829,75.2560975609756
1610612749,Milwaukee Bucks,2015,82,33,49,99.04878048780488,23.109756097560975,41.670731707317074,46.74512195121952,34.48658536585366,74.7
1610612749,Milwaukee Bucks,2016,82,42,40,103.6219512195122,24.195121951219512,40.390243902439025,47.515853658536585,37.25,76.78658536585365
1610612749,Milwaukee Bucks,2017,82,44,38,106.47560975609755,23.23170731707317,39.84146341463415,47.892682926829266,35.62682926829268,78.40731707317073
1610612749,Milwaukee Bucks,2018,82,60,22,118.1219512195122,26.048780487804876,49.73170731707317,47.68048780487805,35.32439024390244,77.18414634146342
1610612749,Milwaukee Bucks,2019,73,56,17,118.67123287671232,25.876712328767123,51.6986301369863,47.7013698630137,35.534246575342465,73.73013698630137
1610612749,Milwaukee Bucks,2020,72,46,26,120.125,25.47222222222222,48.125,48.801388888888894,38.581944444444446,76.07916666666667
1610612749,Milwaukee Bucks,2021,82,51,31,115.48780487804878,23.902439024390244,46.707317073170735,46.818292682926824,36.56341463414634,77.45
1610612749,Milwaukee Bucks,2022,82,58,24,116.9390243902439,25.79268292682927,48.63414634146341,47.40975609756097,36.791463414634144,74.45365853658537
1610612749,Milwaukee Bucks,2023,82,49,33,118.97560975609755,26.536585365853657,44.170731707317074,48.801219512195125,37.26829268292683,77.09756097560975
1610612749,Milwaukee Bucks,2024,82,48,34,115.51219512195122,25.48780487804878,43.36585365853659,48.8609756097561,38.77804878048781,74.62073170731708
1610612749,Milwaukee Bucks,2025,37,16,21,113.32432432432432,26.243243243243242,40.37837837837838,48.73513513513513,39.72702702702703,73.96486486486486
1610612750,Minnesota Timberwolves,2010,82,17,65,101.07317073170732,20.121951219512194,44.40243902439025,44.12073170731708,37.49146341463415,77.09634146341463
1610612750,Minnesota Timberwolves,2011,66,26,40,97.93939393939394,19.545454545454547,43.72727272727273,43.38030303030303,32.9,77.23636363636363
1610612750,Minnesota Timberwolves,2012,82,31,51,95.7439024390244,22.390243902439025,42.02439024390244,44.0890243902439,30.060975609756095,74.29878048780488
1610612750,Minnesota Timberwolves,2013,82,40,42,106.92682926829268,23.9390243902439,44.73170731707317,44.58658536585366,33.821951219512194,78.11341463414634
1610612750,Minnesota Timberwolves,2014,82,16,66,97.7560975609756,21.597560975609756,40.91463414634146,43.87073170731708,32.5219512195122,77.35853658536585
1610612750,Minnesota Timberwolves,2015,82,29,53,102.41463414634147,23.365853658536587,41.5609756097561,46.49268292682927,33.551219512195125,79.51341463414633
1610612750,Minnesota Timberwolves,2016,82,31,51,105.57317073170732,23.658536585365855,42.41463414634146,46.80731707317073,34.62317073170731,79.78414634146341
1610612750,Minnesota Timberwolves,2017,82,47,35,109.51219512195122,22.695121951219512,41.96341463414634,47.75121951219512,35.800000000000004,80.2329268292683
1610612750,Minnesota Timberwolves,2018,82,36,46,112.47560975609755,24.609756097560975,44.792682926829265,45.72073170731707,35.53292682926829,78.66219512195121
1610612750,Minnesota Timberwolves,2019,64,19,45,113.25,23.828125,44.8125,44.165625,33.650000000000006,74.8078125
1610612750,Minnesota Timberwolves,2020,72,23,49,112.125,25.63888888888889,43.513888888888886,44.86944444444444,34.95416666666667,76.16527777777777
1610612750,Minnesota Timberwolves,2021,82,46,36,115.9390243902439,25.682926829268293,44.15853658536585,45.81341463414634,35.93292682926829,77.62926829268292
1610612750,Minnesota Timberwolves,2022,82,42,40,115.78048780487805,26.158536585365855,41.890243902439025,49.203658536585365,36.35121951219512,75.49146341463414
1610612750,Minnesota Timberwolves,2023,82,56,26,112.97560975609755,26.634146341463413,43.6219512195122,48.65,38.701219512195124,77.4780487804878
1610612750,Minnesota Timberwolves,2024,82,49,33,114.29268292682927,26.121951219512194,44.31707317073171,46.99146341463415,37.70609756097561,78.96585365853657
1610612750,Minnesota Timberwolves,2025,38,25,13,119.92105263157895,26.763157894736842,44.76315789473684,48.265789473684215,37.0921052631579,76.30263157894737
1610612751,Brooklyn Nets,2010,82,24,58,94.17073170731707,21.01219512195122,40.84146341463415,44.16463414634147,34.47195121951219,76.30975609756098
1610612751,Brooklyn Nets,2011,66,22,44,93.0909090909091,19.863636363636363,40.333333333333336,42.58787878787879,33.513636363636365,78.17878787878789
1610612751,Brooklyn Nets,2012,82,49,33,96.8780487804878,20.341463414634145,42.76829268292683,45.00121951219513,35.63658536585366,73.21463414634147
1610612751,Brooklyn Nets,2013,82,44,38,98.52439024390245,20.902439024390244,38.146341463414636,45.96219512195122,36.16341463414634,75.44024390243902
1610612751,Brooklyn Nets,2014,82,38,44,98.02439024390245,20.926829268292682,42.353658536585364,45.226829268292676,32.71951219512195,74.81219512195122
1610612751,Brooklyn Nets,2015,82,21,61,98.64634146341463,22.304878048780488,42.40243902439025,45.398780487804885,34.84390243902439,75.21341463414633
1610612751,Brooklyn Nets,2016,82,20,62,105.76829268292683,21.414634146341463,43.90243902439025,44.541463414634144,33.72073170731708,78.7280487804878
1610612751,Brooklyn Nets,2017,82,28,54,106.59756097560975,23.670731707317074,44.4390243902439,44.21463414634147,35.5890243902439,77.91463414634147
1610612751,Brooklyn Nets,2018,82,42,40,112.2439024390244,23.829268292682926,46.573170731707314,44.96219512195122,35.27804878048781,74.6719512195122
1610612751,Brooklyn Nets,2019,72,35,37,111.77777777777777,24.458333333333332,47.90277777777778,44.84444444444444,34.50972222222222,74.64999999999999
1610612751,Brooklyn Nets,2020,72,48,24,118.56944444444444,26.791666666666668,44.43055555555556,49.53888888888889,38.90277777777778,80.35833333333333
1610612751,Brooklyn Nets,2021,82,44,38,112.90243902439025,25.25609756097561,44.390243902439025,47.671951219512195,35.96463414634146,80.39999999999999
1610612751,Brooklyn Nets,2022,82,45,37,113.35365853658537,25.524390243902438,40.51219512195122,48.84878048780487,38.01341463414634,80.1109756097561
1610612751,Brooklyn Nets,2023,82,32,50,110.36585365853658,25.634146341463413,44.0609756097561,45.71097560975609,36.18170731707317,76.19390243902438
1610612751,Brooklyn Nets,2024,82,26,56,105.10975609756098,25.158536585365855,41.30487804878049,43.82195121951219,34.235365853658536,78.51585365853659
1610612751,Brooklyn Nets,2025,34,11,23,109.26470588235294,25.38235294117647,39.94117647058823,44.90588235294118,34.491176470588236,78.66470588235293
1610612752,New York Knicks,2010,82,42,40,106.51219512195122,21.426829268292682,40.451219512195124,45.856097560975606,36.552439024390246,80.84146341463415
1610612752,New York Knicks,2011,66,36,30,97.84848484848484,20.12121212121212,41.74242424242424,44.334848484848486,32.85151515151515,74.02121212121212
1610612752,New York Knicks,2012,82,54,28,99.95121951219512,19.25609756097561,40.5609756097561,44.928048780487806,37.32073170731707,75.65121951219513
1610612752,New York Knicks,2013,82,37,45,98.58536585365853,20.01219512195122,40.329268292682926,45.0609756097561,36.89390243902439,75.99268292682927
1610612752,New York Knicks,2014,82,17,65,91.89024390243902,21.29268292682927,40.36585365853659,42.98170731707317,35.326829268292684,76.71341463414633
1610612752,New York Knicks,2015,82,32,50,98.35365853658537,20.51219512195122,44.36585365853659,44.009756097560974,34.296341463414635,81.04024390243903
1610612752,New York Knicks,2016,82,31,51,104.34146341463415,21.78048780487805,45.19512195121951,44.826829268292684,34.88780487804878,78.63780487804878
1610612752,New York Knicks,2017,82,29,53,104.46341463414635,23.317073170731707,44.03658536585366,46.47439024390244,35.25853658536585,78.68170731707318
1610612752,New York Knicks,2018,82,17,65,104.57317073170732,20.073170731707318,44.73170731707317,43.34878048780488,33.91463414634146,76.00121951219512
1610612752,New York Knicks,2019,66,21,45,105.8030303030303,22.060606060606062,46.5,44.74393939393939,33.82727272727273,69.68787878787879
1610612752,New York Knicks,2020,72,41,31,107.02777777777777,21.40277777777778,45.138888888888886,45.67083333333334,39.12777777777778,78.59166666666665
1610612752,New York Knicks,2021,82,37,45,106.47560975609755,21.865853658536587,46.1219512195122,43.697560975609754,35.66829268292683,74.31951219512194
1610612752,New York Knicks,2022,82,47,35,116.02439024390245,22.926829268292682,46.59756097560975,47.10731707317073,35.38414634146341,75.87926829268294
1610612752,New York Knicks,2023,82,50,32,112.79268292682927,24.365853658536587,45.170731707317074,46.62926829268292,36.94634146341463,78.18414634146342
1610612752,New York Knicks,2024,82,51,31,115.78048780487805,27.48780487804878,42.646341463414636,48.66707317073171,36.62317073170732,80.12926829268294
1610612752,New York Knicks,2025,37,24,13,119.70270270270271,26.945945945945947,45.810810810810814,47.35135135135135,38.34054054054054,81.11891891891891
1610612753,Orlando Magic,2010,82,52,30,99.20731707317073,19.951219512195124,43.207317073170735,46.13414634146341,36.13048780487805,69.9560975609756
1610612753,Orlando Magic,2011,66,37,29,94.16666666666667,20.015151515151516,42.45454545454545,44.05,37.36666666666667,65.81060606060606
1610612753,Orlando Magic,2012,82,20,62,94.1219512195122,22.817073170731707,42.707317073170735,44.85,32.24146341463415,76.0548780487805
1610612753,Orlando Magic,2013,82,23,59,96.51219512195122,21.048780487804876,42.048780487804876,44.602439024390236,35.36585365853659,76.45243902439024
1610612753,Orlando Magic,2014,82,25,57,95.6951219512195,20.634146341463413,41.81707317073171,45.359756097560975,34.786585365853654,73.63536585365854
1610612753,Orlando Magic,2015,82,35,47,102.0609756097561,23.573170731707318,43.31707317073171,45.673170731707316,34.97560975609756,75.81585365853658
1610612753,Orlando Magic,2016,82,29,53,101.07317073170732,22.195121951219512,43.18292682926829,44.00487804878049,32.87073170731708,74.83780487804877
1610612753,Orlando Magic,2017,82,25,57,103.40243902439025,23.426829268292682,41.63414634146341,45.296341463414635,34.80121951219512,76.18658536585366
1610612753,Orlando Magic,2018,82,42,40,107.3170731707317,25.548780487804876,45.41463414634146,45.42926829268293,35.69146341463414,78.20243902439024
1610612753,Orlando Magic,2019,73,33,40,107.27397260273973,23.931506849315067,44.50684931506849,44.44657534246575,34.24657534246575,76.65753424657534
1610612753,Orlando Magic,2020,72,21,51,104.0,21.819444444444443,45.44444444444444,42.919444444444444,33.90277777777778,77.58333333333334
1610612753,Orlando Magic,2021,82,22,60,104.23170731707317,23.74390243902439,44.28048780487805,43.40365853658537,32.98048780487805,78.77560975609757
1610612753,Orlando Magic,2022,82,34,48,111.41463414634147,23.24390243902439,43.24390243902439,47.14512195121951,34.807317073170736,78.46341463414635
1610612753,Orlando Magic,2023,82,47,35,110.46341463414635,24.670731707317074,42.30487804878049,47.77682926829268,35.22317073170731,75.86951219512196
1610612753,Orlando Magic,2024,82,41,41,105.42682926829268,23.01219512195122,41.84146341463415,44.582926829268295,31.660975609756097,77.72317073170731
1610612753,Orlando Magic,2025,38,21,17,116.57894736842105,26.36842105263158,44.81578947368421,46.86578947368421,33.660526315789475,78.35526315789473
1610612754,Indiana Pacers,2010,82,37,45,99.79268292682927,19.646341463414632,43.548780487804876,44.413414634146335,34.985365853658536,77.82317073170731
1610612754,Indiana Pacers,2011,66,42,24,97.71212121212122,18.606060606060606,43.878787878787875,43.8969696969697,36.70151515151515,78.22272727272728
1610612754,Indiana Pacers,2012,82,49,33,93.58536585365853,20.0609756097561,45.292682926829265,43.758024691358024,34.92345679012346,74.9567901234568
1610612754,Indiana Pacers,2013,82,56,26,96.7439024390244,20.134146341463413,44.69512195121951,45.00365853658537,35.63170731707317,77.91341463414635
1610612754,Indiana Pacers,2014,82,38,44,97.32926829268293,21.426829268292682,44.853658536585364,44.06463414634147,35.21341463414634,75.79146341463415
1610612754,Indiana Pacers,2015,82,45,37,102.15853658536585,21.23170731707317,44.21951219512195,45.07317073170732,34.88292682926829,76.33292682926829
1610612754,Indiana Pacers,2016,82,42,40,105.09756097560975,22.48780487804878,42.0,46.59146341463414,37.15365853658537,80.60487804878049
1610612754,Indiana Pacers,2017,82,48,34,105.5609756097561,22.182926829268293,42.34146341463415,47.307317073170736,36.576829268292684,78.14512195121951
1610612754,Indiana Pacers,2018,82,48,34,108.01219512195122,25.951219512195124,43.02439024390244,47.619512195121956,37.23658536585366,75.1609756097561
1610612754,Indiana Pacers,2019,73,45,28,109.43835616438356,25.863013698630137,42.80821917808219,47.78356164383561,36.23835616438356,78.31369863013698
1610612754,Indiana Pacers,2020,72,34,38,115.30555555555556,27.40277777777778,42.666666666666664,47.54027777777778,36.46944444444444,79.06527777777778
1610612754,Indiana Pacers,2021,82,25,57,111.46341463414635,25.378048780487806,43.853658536585364,46.37317073170732,34.44878048780488,77.14878048780488
1610612754,Indiana Pacers,2022,82,35,47,116.28048780487805,26.98780487804878,41.548780487804876,46.99146341463415,36.59512195121951,78.90121951219513
1610612754,Indiana Pacers,2023,82,47,35,123.29268292682927,30.75609756097561,41.52439024390244,50.85000000000001,37.28536585365853,78.15975609756097
1610612754,Indiana Pacers,2024,82,50,32,117.36585365853658,29.24390243902439,41.829268292682926,48.84146341463415,36.68170731707317,79.0158536585366
1610612754,Indiana Pacers,2025,38,7,31,110.84210526315789,24.473684210526315,42.44736842105263,44.410526315789475,34.28684210526316,77.75789473684212
1610612755,Philadelphia 76ers,2010,82,41,41,99.01219512195122,22.695121951219512,41.80487804878049,46.26219512195122,35.19390243902439,77.28902439024391
1610612755,Philadelphia 76ers,2011,66,35,31,93.63636363636364,22.015151515151516,43.15151515151515,44.89090909090909,35.306060606060605,74.17272727272729
1610612755,Philadelphia 76ers,2012,82,34,48,93.17073170731707,22.76829268292683,41.329268292682926,44.452439024390245,35.856097560975606,72.36341463414634
1610612755,Philadelphia 76ers,2013,82,19,63,99.45121951219512,21.841463414634145,42.74390243902439,43.674390243902444,31.26951219512195,70.74634146341464
1610612755,Philadelphia 76ers,2014,82,18,64,91.97560975609755,20.524390243902438,42.853658536585364,40.90121951219513,31.49878048780488,67.78536585365855
1610612755,Philadelphia 76ers,2015,82,10,72,97.41463414634147,21.524390243902438,41.24390243902439,43.267073170731706,33.74390243902439,69.76707317073169
1610612755,Philadelphia 76ers,2016,82,28,54,102.4390243902439,23.76829268292683,42.84146341463415,44.29878048780488,34.00243902439025,76.55975609756098
1610612755,Philadelphia 76ers,2017,82,52,30,109.8048780487805,27.085365853658537,47.426829268292686,47.24634146341463,36.6890243902439,75.92682926829268
1610612755,Philadelphia 76ers,2018,82,51,31,115.1829268292683,26.914634146341463,47.76829268292683,47.19024390243902,35.89390243902439,77.11097560975611
1610612755,Philadelphia 76ers,2019,73,43,30,110.73972602739725,25.80821917808219,45.43835616438356,46.8013698630137,36.67808219178082,74.84246575342466
1610612755,Philadelphia 76ers,2020,72,49,23,113.63888888888889,23.694444444444443,45.05555555555556,47.68472222222222,37.6,76.74583333333334
1610612755,Philadelphia 76ers,2021,82,51,31,109.9390243902439,23.71951219512195,42.31707317073171,46.70975609756097,36.385365853658534,81.69756097560976
1610612755,Philadelphia 76ers,2022,82,54,28,115.21951219512195,25.158536585365855,40.926829268292686,48.76951219512195,38.50121951219512,83.49756097560976
1610612755,Philadelphia 76ers,2023,82,47,35,114.59756097560975,24.890243902439025,42.951219512195124,46.545121951219514,36.00365853658536,82.31951219512194
1610612755,Philadelphia 76ers,2024,82,24,58,109.60975609756098,23.182926829268293,39.792682926829265,45.48780487804878,34.078048780487805,78.25731707317074
1610612755,Philadelphia 76ers,2025,35,20,15,117.62857142857143,25.085714285714285,44.42857142857143,45.565714285714286,36.214285714285715,81.73142857142858
1610612756,Phoenix Suns,2010,82,40,42,105.01219512195122,23.71951219512195,40.23170731707317,47.13170731707317,36.926829268292686,76.3719512195122
1610612756,Phoenix Suns,2011,66,33,33,98.36363636363636,22.515151515151516,41.696969696969695,45.92878787878787,34.29545454545455,75.97878787878788
1610612756,Phoenix Suns,2012,82,25,57,95.1829268292683,22.621951219512194,41.6219512195122,44.36219512195122,32.831707317073175,74.55975609756098
1610612756,Phoenix Suns,2013,82,48,34,105.23170731707317,19.0609756097561,43.03658536585366,46.49878048780487,37.55853658536586,75.15487804878049
1610612756,Phoenix Suns,2014,82,39,43,102.40243902439025,20.23170731707317,43.15853658536585,45.19878048780488,33.75975609756098,75.87195121951218
1610612756,Phoenix Suns,2015,82,23,59,100.86585365853658,20.74390243902439,44.829268292682926,43.53536585365853,34.43658536585366,74.65731707317073
1610612756,Phoenix Suns,2016,82,24,58,107.6951219512195,19.5609756097561,44.97560975609756,45.23536585365854,33.31341463414634,77.61707317073171
1610612756,Phoenix Suns,2017,82,21,61,103.92682926829268,21.25609756097561,44.1219512195122,44.33048780487805,33.53780487804878,73.75853658536585
1610612756,Phoenix Suns,2018,82,19,63,107.5,23.865853658536587,40.3780487804878,45.97073170731707,32.75609756097561,77.86219512195122
1610612756,Phoenix Suns,2019,73,34,39,113.61643835616438,27.21917808219178,43.52054794520548,46.86575342465754,35.75479452054795,83.01232876712328
1610612756,Phoenix Suns,2020,72,51,21,115.27777777777777,26.930555555555557,42.94444444444444,49.145833333333336,37.73333333333333,83.72222222222221
1610612756,Phoenix Suns,2021,82,64,18,114.82926829268293,27.365853658536587,45.292682926829265,48.57073170731708,36.43780487804878,79.53048780487806
1610612756,Phoenix Suns,2022,82,45,37,113.64634146341463,27.25609756097561,44.24390243902439,46.80975609756098,37.13170731707317,79.4451219512195
1610612756,Phoenix Suns,2023,82,49,33,116.2439024390244,27.048780487804876,44.073170731707314,49.45487804878048,37.98658536585366,80.8280487804878
1610612756,Phoenix Suns,2024,82,36,46,113.6219512195122,27.76829268292683,42.48780487804878,47.87073170731707,37.71707317073171,80.89024390243902
1610612756,Phoenix Suns,2025,37,22,15,114.8108108108108,25.35135135135135,43.45945945945946,46.62162162162162,36.35945945945946,78.74054054054054
1610612757,Portland Trail Blazers,2010,82,48,34,96.29268292682927,21.170731707317074,39.34146341463415,44.925609756097565,34.5719512195122,79.78292682926829
1610612757,Portland Trail Blazers,2011,66,28,38,97.1969696969697,20.439393939393938,40.666666666666664,44.35454545454546,34.28333333333333,79.46969696969698
1610612757,Portland Trail Blazers,2012,82,33,49,97.5,21.75609756097561,40.829268292682926,44.87682926829268,35.139024390243904,77.47560975609757
1610612757,Portland Trail Blazers,2013,82,54,28,106.7439024390244,23.21951219512195,46.4390243902439,45.020731707317076,37.06585365853658,81.52195121951219
1610612757,Portland Trail Blazers,2014,82,51,31,102.79268292682927,21.9390243902439,45.853658536585364,45.11951219512195,36.11707317073171,80.25487804878048
1610612757,Portland Trail Blazers,2015,82,44,38,105.14634146341463,21.317073170731707,45.48780487804878,45.09146341463415,36.885365853658534,75.17439024390245
1610612757,Portland Trail Blazers,2016,82,41,41,107.9390243902439,21.134146341463413,43.65853658536585,46.05365853658537,37.509756097560974,77.9329268292683
1610612757,Portland Trail Blazers,2017,82,49,33,105.6219512195122,19.5,45.46341463414634,45.349999999999994,36.734146341463415,80.52560975609757
1610612757,Portland Trail Blazers,2018,82,53,29,114.65853658536585,23.01219512195122,47.98780487804878,46.90243902439025,36.210975609756105,81.22317073170731
1610612757,Portland Trail Blazers,2019,74,35,39,114.97297297297297,20.60810810810811,45.310810810810814,46.41216216216216,37.45135135135135,79.9108108108108
1610612757,Portland Trail Blazers,2020,72,42,30,116.11111111111111,21.26388888888889,44.541666666666664,45.451388888888886,38.605555555555554,82.07916666666667
1610612757,Portland Trail Blazers,2021,82,27,55,106.23170731707317,22.926829268292682,42.86585365853659,44.31951219512195,34.24390243902439,75.64878048780488
1610612757,Portland Trail Blazers,2022,82,33,49,113.40243902439025,24.158536585365855,40.548780487804876,47.47682926829268,36.41463414634146,79.76585365853659
1610612757,Portland Trail Blazers,2023,82,21,61,106.36585365853658,23.097560975609756,42.74390243902439,43.9670731707317,34.56585365853659,79.32560975609756
1610612757,Portland Trail Blazers,2024,82,36,46,110.89024390243902,23.804878048780488,44.76829268292683,45.16829268292683,34.270731707317076,75.95243902439024
1610612757,Portland Trail Blazers,2025,38,18,20,116.5,24.736842105263158,45.36842105263158,44.834210526315786,34.0578947368421,77.7578947368421
1610612758,Sacramento Kings,2010,82,24,58,99.40243902439025,20.426829268292682,43.86585365853659,44.987804878048784,33.52317073170732,72.86219512195122
1610612758,Sacramento Kings,2011,66,22,44,98.75757575757575,19.257575757575758,42.86363636363637,43.660606060606064,31.166666666666664,74.26666666666665
1610612758,Sacramento Kings,2012,82,28,54,100.23170731707317,20.829268292682926,40.58536585365854,44.80487804878049,35.80487804878049,76.55853658536586
1610612758,Sacramento Kings,2013,82,28,54,100.5,18.865853658536587,44.46341463414634,44.84756097560976,32.82073170731707,75.83780487804877
1610612758,Sacramento Kings,2014,82,29,53,101.34146341463415,20.329268292682926,44.18292682926829,45.62439024390243,33.98048780487805,76.00243902439024
1610612758,Sacramento Kings,2015,82,33,49,106.58536585365853,24.5,44.24390243902439,46.46951219512195,36.02926829268293,71.94024390243902
1610612758,Sacramento Kings,2016,82,32,50,102.8048780487805,22.48780487804878,41.0609756097561,46.21585365853658,38.04268292682927,77.04268292682926
1610612758,Sacramento Kings,2017,82,27,55,98.82926829268293,21.5609756097561,40.90243902439025,45.076829268292684,37.69146341463415,74.05731707317072
1610612758,Sacramento Kings,2018,82,39,43,114.1829268292683,25.402439024390244,45.426829268292686,46.43048780487805,37.678048780487806,71.94024390243902
1610612758,Sacramento Kings,2019,72,31,41,110.09722222222223,23.791666666666668,42.59722222222222,46.466666666666676,36.455555555555556,76.68194444444444
1610612758,Sacramento Kings,2020,72,31,41,113.73611111111111,25.5,41.40277777777778,48.21944444444445,36.375,74.12083333333332
1610612758,Sacramento Kings,2021,82,30,52,110.3048780487805,23.695121951219512,42.9390243902439,46.09268292682926,34.62682926829268,76.85609756097561
1610612758,Sacramento Kings,2022,82,48,34,120.70731707317073,27.28048780487805,42.451219512195124,49.45731707317073,36.7719512195122,79.18536585365854
1610612758,Sacramento Kings,2023,82,46,36,116.5609756097561,28.341463414634145,43.98780487804878,47.671951219512195,36.55975609756098,74.03048780487805
1610612758,Sacramento Kings,2024,82,40,42,115.73170731707317,26.451219512195124,44.19512195121951,47.90609756097561,35.5939024390244,80.71951219512195
1610612758,Sacramento Kings,2025,37,8,29,109.94594594594595,25.0,40.729729729729726,45.84594594594595,34.15405405405406,74.98378378378379
1610612759,San Antonio Spurs,2010,82,61,21,103.6829268292683,22.390243902439025,41.853658536585364,47.66341463414634,39.55853658536586,76.1
1610612759,San Antonio Spurs,2011,66,50,16,103.65151515151516,23.151515151515152,42.96969696969697,47.949999999999996,39.62878787878788,73.78030303030303
1610612759,San Antonio Spurs,2012,82,58,24,103.02439024390245,25.097560975609756,41.30487804878049,48.25121951219513,37.72073170731707,78.89634146341461
1610612759,San Antonio Spurs,2013,82,62,20,105.35365853658537,25.170731707317074,43.26829268292683,48.735365853658536,39.70975609756097,78.06341463414634
1610612759,San Antonio Spurs,2014,82,55,27,103.1829268292683,24.390243902439025,43.63414634146341,46.96585365853659,36.18048780487805,78.1670731707317
1610612759,San Antonio Spurs,2015,82,67,15,103.53658536585365,24.51219512195122,43.91463414634146,48.47439024390244,37.96951219512195,80.77926829268294
1610612759,San Antonio Spurs,2016,82,61,21,105.32926829268293,23.829268292682926,43.8780487804878,47.03658536585366,39.40121951219512,79.69024390243902
1610612759,San Antonio Spurs,2017,82,47,35,102.73170731707317,22.78048780487805,44.21951219512195,45.775609756097566,35.22560975609756,77.80975609756098
1610612759,San Antonio Spurs,2018,82,48,34,111.65853658536585,24.548780487804876,44.71951219512195,47.95975609756098,39.66707317073171,81.96219512195123
1610612759,San Antonio Spurs,2019,71,32,39,114.05633802816901,24.661971830985916,44.647887323943664,47.277464788732395,37.45492957746479,80.69859154929577
1610612759,San Antonio Spurs,2020,72,33,39,111.08333333333333,24.430555555555557,43.861111111111114,46.269444444444446,34.67777777777778,79.30972222222222
1610612759,San Antonio Spurs,2021,82,34,48,113.15853658536585,27.914634146341463,45.31707317073171,46.702439024390245,35.05975609756097,75.47439024390245
1610612759,San Antonio Spurs,2022,82,22,60,113.03658536585365,27.21951219512195,43.707317073170735,46.74146341463415,34.64878048780488,74.02682926829269
1610612759,San Antonio Spurs,2023,82,22,60,112.09756097560975,29.865853658536587,44.23170731707317,46.33536585365853,34.880487804878044,77.77439024390243
1610612759,San Antonio Spurs,2024,82,34,48,113.92682926829268,28.634146341463413,43.670731707317074,46.612195121951224,35.74146341463415,77.54756097560976
1610612759,San Antonio Spurs,2025,37,26,11,119.0,25.91891891891892,46.567567567567565,47.91621621621621,35.04054054054054,79.87567567567567
1610612760,Oklahoma City Thunder,2010,82,55,27,104.82926829268293,20.390243902439025,42.76829268292683,46.609756097560975,34.92926829268293,82.22439024390245
1610612760,Oklahoma City Thunder,2011,66,47,19,103.06060606060606,18.545454545454547,43.68181818181818,47.18030303030303,36.25151515151515,80.82878787878788
1610612760,Oklahoma City Thunder,2012,82,60,22,105.71951219512195,21.378048780487806,43.646341463414636,48.141463414634146,37.65731707317073,82.89268292682927
1610612760,Oklahoma City Thunder,2013,82,59,23,106.15853658536585,21.878048780487806,44.73170731707317,47.22560975609756,36.44390243902439,80.4109756097561
1610612760,Oklahoma City Thunder,2014,82,45,37,103.95121951219512,20.5,47.51219512195122,44.79634146341463,33.56463414634147,74.12926829268292
1610612760,Oklahoma City Thunder,2015,82,55,27,110.21951219512195,22.963414634146343,48.6219512195122,47.67682926829268,35.0,78.62926829268292
1610612760,Oklahoma City Thunder,2016,82,47,35,106.59756097560975,20.98780487804878,46.6219512195122,45.20853658536585,32.65365853658537,74.76951219512196
1610612760,Oklahoma City Thunder,2017,82,48,34,107.85365853658537,21.341463414634145,45.0609756097561,45.321951219512194,35.21463414634147,71.46463414634147
1610612760,Oklahoma City Thunder,2018,82,49,33,114.47560975609755,23.378048780487806,48.073170731707314,45.485365853658536,35.1329268292683,71.39756097560975
1610612760,Oklahoma City Thunder,2019,72,44,28,110.41666666666667,21.694444444444443,42.888888888888886,46.93194444444444,35.38888888888889,79.71805555555555
1610612760,Oklahoma City Thunder,2020,72,22,50,105.0,22.055555555555557,45.59722222222222,44.2,33.94722222222222,72.41666666666666
1610612760,Oklahoma City Thunder,2021,82,24,58,103.73170731707317,22.21951219512195,45.6219512195122,43.01341463414634,32.28780487804878,75.59878048780487
1610612760,Oklahoma City Thunder,2022,82,40,42,117.47560975609755,24.414634146341463,43.646341463414636,46.65853658536585,35.6890243902439,80.43536585365852
1610612760,Oklahoma City Thunder,2023,82,57,25,120.08536585365853,27.109756097560975,42.03658536585366,50.00243902439024,38.72073170731707,82.96829268292683
1610612760,Oklahoma City Thunder,2024,82,68,14,120.5,26.853658536585368,44.78048780487805,48.207317073170735,37.364634146341466,81.90487804878049
1610612760,Oklahoma City Thunder,2025,38,31,7,121.44736842105263,25.789473684210527,44.078947368421055,49.1,36.23157894736842,83.17105263157895
1610612761,Toronto Raptors,2010,82,22,60,99.07317073170732,21.890243902439025,40.31707317073171,46.708536585365856,30.841463414634145,75.34878048780487
1610612761,Toronto Raptors,2011,66,23,43,90.6969696969697,20.939393939393938,41.984848484848484,44.10757575757576,33.2060606060606,76.14999999999999
1610612761,Toronto Raptors,2012,82,34,48,97.20731707317073,21.524390243902438,40.207317073170735,44.579268292682926,33.65487804878049,78.53048780487805
1610612761,Toronto Raptors,2013,82,48,34,101.28048780487805,21.182926829268293,42.52439024390244,44.701219512195124,37.03170731707317,78.01829268292683
1610612761,Toronto Raptors,2014,82,49,33,103.98780487804878,20.74390243902439,41.548780487804876,45.58414634146341,35.11707317073171,79.03292682926829
1610612761,Toronto Raptors,2015,82,56,26,102.70731707317073,18.73170731707317,43.41463414634146,45.26219512195122,36.62560975609756,77.85121951219513
1610612761,Toronto Raptors,2016,82,51,31,106.85365853658537,18.5,43.25609756097561,46.52439024390244,36.49268292682927,79.57317073170732
1610612761,Toronto Raptors,2017,82,59,23,111.65853658536585,24.329268292682926,43.98780487804878,47.26829268292683,35.72317073170731,78.8060975609756
1610612761,Toronto Raptors,2018,82,58,24,114.4390243902439,25.426829268292682,45.19512195121951,47.58780487804878,36.51829268292683,80.84268292682927
1610612761,Toronto Raptors,2019,72,53,19,112.75,25.22222222222222,45.388888888888886,45.87083333333333,37.67916666666667,79.56666666666666
1610612761,Toronto Raptors,2020,72,27,45,111.26388888888889,24.09722222222222,41.583333333333336,44.904166666666676,36.76111111111111,81.30694444444444
1610612761,Toronto Raptors,2021,82,48,34,109.39024390243902,22.0609756097561,45.329268292682926,44.569512195121945,34.90365853658536,76.1719512195122
1610612761,Toronto Raptors,2022,82,41,41,112.85365853658537,23.914634146341463,43.02439024390244,45.95609756097561,33.61585365853659,78.7060975609756
1610612761,Toronto Raptors,2023,82,25,57,112.35365853658537,28.475609756097562,42.65853658536585,47.16585365853659,34.582926829268295,75.75121951219512
1610612761,Toronto Raptors,2024,82,30,52,110.86585365853658,28.536585365853657,45.1219512195122,45.96951219512195,34.9780487804878,74.40731707317073
1610612761,Toronto Raptors,2025,38,23,15,114.02631578947368,29.105263157894736,43.39473684210526,47.449999999999996,34.70263157894737,77.37894736842105
1610612762,Utah Jazz,2010,82,39,43,99.42682926829268,23.426829268292682,39.46341463414634,46.55365853658536,33.420731707317074,77.08658536585365
1610612762,Utah Jazz,2011,66,36,30,99.65151515151516,21.803030303030305,44.18181818181818,45.81363636363636,31.792424242424243,75.54848484848485
1610612762,Utah Jazz,2012,82,43,39,98.02439024390245,22.670731707317074,42.02439024390244,45.46097560975609,35.8170731707317,75.92317073170732
1610612762,Utah Jazz,2013,82,25,57,95.01219512195122,20.29268292682927,41.23170731707317,44.449999999999996,34.40731707317073,74.77804878048781
1610612762,Utah Jazz,2014,82,38,44,95.13414634146342,19.902439024390244,43.96341463414634,44.75243902439024,34.40853658536585,72.29146341463415
1610612762,Utah Jazz,2015,82,40,42,97.6829268292683,18.951219512195124,43.23170731707317,45.01951219512195,35.607317073170734,74.50487804878048
1610612762,Utah Jazz,2016,82,51,31,100.70731707317073,20.134146341463413,43.23170731707317,46.68780487804878,37.1609756097561,74.64268292682928
1610612762,Utah Jazz,2017,82,48,34,104.14634146341463,22.426829268292682,43.25609756097561,46.24756097560976,36.65365853658537,78.33170731707317
1610612762,Utah Jazz,2018,82,50,32,111.71951219512195,26.01219512195122,46.353658536585364,46.85,35.449999999999996,73.83048780487805
1610612762,Utah Jazz,2019,72,44,28,111.29166666666667,22.430555555555557,44.90277777777778,47.150000000000006,37.581944444444446,78.0875
1610612762,Utah Jazz,2020,72,52,20,116.41666666666667,23.65277777777778,48.25,46.91527777777778,38.77777777777778,79.32916666666667
1610612762,Utah Jazz,2021,82,49,33,113.60975609756098,22.390243902439025,46.34146341463415,47.15609756097561,35.98658536585366,77.03536585365853
1610612762,Utah Jazz,2022,82,37,45,117.07317073170732,25.963414634146343,45.8780487804878,47.41463414634147,35.198780487804875,78.21585365853659
1610612762,Utah Jazz,2023,82,31,51,115.65853658536585,27.21951219512195,45.451219512195124,46.76341463414634,35.31341463414635,83.13170731707318
1610612762,Utah Jazz,2024,82,17,65,111.89024390243902,25.524390243902438,45.41463414634146,45.614634146341466,35.28902439024391,77.46341463414635
1610612762,Utah Jazz,2025,37,13,24,119.64864864864865,30.216216216216218,44.91891891891892,46.4081081081081,35.28918918918919,79.93783783783783
1610612763,Memphis Grizzlies,2010,82,46,36,99.9390243902439,20.621951219512194,40.98780487804878,47.14512195121951,32.86829268292683,74.93658536585366
1610612763,Memphis Grizzlies,2011,66,41,25,94.98484848484848,19.545454545454547,42.04545454545455,44.83181818181818,32.303030303030305,76.05757575757576
1610612763,Memphis Grizzlies,2012,82,56,26,93.40243902439025,20.914634146341463,42.73170731707317,44.602439024390236,34.09756097560976,77.16219512195121
1610612763,Memphis Grizzlies,2013,82,50,32,96.14634146341463,21.853658536585368,42.390243902439025,46.53048780487805,35.19146341463414,73.6341463414634
1610612763,Memphis Grizzlies,2014,82,55,27,98.3170731707317,21.670731707317074,42.5609756097561,45.93292682926829,33.63048780487805,77.95121951219512
1610612763,Memphis Grizzlies,2015,82,42,40,99.09756097560975,20.695121951219512,41.6219512195122,44.21585365853658,32.768292682926834,78.15731707317073
1610612763,Memphis Grizzlies,2016,82,43,39,100.47560975609755,21.26829268292683,42.76829268292683,43.66829268292683,35.09634146341463,77.94024390243902
1610612763,Memphis Grizzlies,2017,82,22,60,99.32926829268293,21.548780487804876,40.52439024390244,44.425609756097565,35.09878048780487,78.20975609756098
1610612763,Memphis Grizzlies,2018,82,33,49,103.53658536585365,23.9390243902439,41.78048780487805,45.06951219512195,33.98292682926829,77.50365853658536
1610612763,Memphis Grizzlies,2019,73,34,39,112.63013698630137,26.91780821917808,46.534246575342465,46.987671232876714,34.52465753424657,76.19315068493151
1610612763,Memphis Grizzlies,2020,72,38,34,113.29166666666667,26.916666666666668,46.47222222222222,46.705555555555556,35.480555555555554,77.70138888888889
1610612763,Memphis Grizzlies,2021,82,56,26,115.60975609756098,25.98780487804878,49.170731707317074,46.21829268292683,35.267073170731706,73.85487804878049
1610612763,Memphis Grizzlies,2022,82,51,31,116.91463414634147,26.036585365853657,46.6219512195122,47.52317073170732,34.9780487804878,74.11829268292684
1610612763,Memphis Grizzlies,2023,82,27,55,105.8170731707317,24.695121951219512,42.609756097560975,43.52317073170732,34.52317073170732,76.43536585365854
1610612763,Memphis Grizzlies,2024,82,48,34,121.70731707317073,28.414634146341463,47.25609756097561,47.974390243902434,36.59268292682927,78.88902439024389
1610612763,Memphis Grizzlies,2025,37,16,21,115.21621621621621,28.91891891891892,46.270270270270274,45.502702702702706,34.62972972972973,78.7135135135135
1610612764,Washington Wizards,2010,82,23,59,97.28048780487805,19.414634146341463,41.30487804878049,44.290243902439016,32.641463414634146,74.14146341463415
1610612764,Washington Wizards,2011,66,20,46,93.63636363636364,19.12121212121212,41.666666666666664,44.18181818181818,31.093939393939397,73.49090909090908
1610612764,Washington Wizards,2012,82,29,53,93.21951219512195,21.646341463414632,43.15853658536585,43.604878048780485,36.647560975609764,74.02560975609757
1610612764,Washington Wizards,2013,82,44,38,100.65853658536585,23.28048780487805,42.18292682926829,46.078048780487805,37.65,73.08414634146342
1610612764,Washington Wizards,2014,82,46,36,98.53658536585365,24.01219512195122,44.670731707317074,46.45487804878049,36.173170731707316,73.85975609756098
1610612764,Washington Wizards,2015,82,41,41,104.07317073170732,24.451219512195124,41.84146341463415,46.11829268292683,35.821951219512194,73.35
1610612764,Washington Wizards,2016,82,49,33,109.1829268292683,23.853658536585368,42.853658536585364,47.610975609756096,37.40365853658537,78.72439024390245
1610612764,Washington Wizards,2017,82,43,39,106.60975609756098,25.182926829268293,43.1219512195122,46.767073170731706,37.296341463414635,77.46951219512195
1610612764,Washington Wizards,2018,82,32,50,114.02439024390245,26.26829268292683,42.353658536585364,46.821951219512194,33.91951219512195,76.5219512195122
1610612764,Washington Wizards,2019,72,25,47,114.41666666666667,25.01388888888889,42.041666666666664,45.80972222222221,36.84444444444444,78.19166666666668
1610612764,Washington Wizards,2020,72,34,38,116.63888888888889,25.48611111111111,45.19444444444444,47.45138888888889,35.31388888888889,77.07361111111112
1610612764,Washington Wizards,2021,82,35,47,108.6219512195122,25.024390243902438,43.109756097560975,47.21951219512195,34.293902439024386,78.00487804878048
1610612764,Washington Wizards,2022,82,35,47,113.15853658536585,25.402439024390244,43.63414634146341,48.6890243902439,35.423170731707316,78.74268292682926
1610612764,Washington Wizards,2023,82,15,67,113.7439024390244,27.902439024390244,41.073170731707314,47.084146341463416,34.74878048780488,76.51341463414634
1610612764,Washington Wizards,2024,82,18,64,108.0,25.097560975609756,43.69512195121951,43.9109756097561,33.297560975609755,77.12682926829268
1610612764,Washington Wizards,2025,36,10,26,113.5,25.444444444444443,44.166666666666664,46.40555555555556,36.05,76.97777777777777
1610612765,Detroit Pistons,2010,82,30,52,96.96341463414635,21.097560975609756,38.6219512195122,46.03658536585366,37.00731707317073,74.09268292682927
1610612765,Detroit Pistons,2011,66,25,41,90.86363636363636,18.666666666666668,40.25757575757576,43.95,33.46969696969697,75.92878787878787
1610612765,Detroit Pistons,2012,82,29,53,94.85365853658537,21.24390243902439,42.1219512195122,45.0829268292683,35.34268292682927,70.15731707317072
1610612765,Detroit Pistons,2013,82,29,53,101.04878048780488,20.902439024390244,45.3780487804878,44.72682926829268,31.246341463414634,66.86341463414635
1610612765,Detroit Pistons,2014,82,32,50,98.5,21.597560975609756,44.890243902439025,43.30121951219512,33.962195121951225,70.31951219512194
1610612765,Detroit Pistons,2015,82,44,38,101.96341463414635,19.4390243902439,46.31707317073171,44.03658536585366,34.37926829268292,67.5170731707317
1610612765,Detroit Pistons,2016,82,37,45,101.32926829268293,21.121951219512194,45.68292682926829,44.88414634146341,32.68780487804877,72.21951219512195
1610612765,Detroit Pistons,2017,82,39,43,103.76829268292683,22.78048780487805,43.73170731707317,45.01585365853658,37.2280487804878,74.13780487804877
1610612765,Detroit Pistons,2018,82,41,41,107.04878048780488,22.5,44.97560975609756,44.109756097560975,34.578048780487805,75.26707317073172
1610612765,Detroit Pistons,2019,66,20,46,107.24242424242425,24.075757575757574,41.71212121212121,45.93636363636364,36.82878787878788,74.44696969696969
1610612765,Detroit Pistons,2020,72,20,52,106.61111111111111,24.208333333333332,42.708333333333336,45.24027777777778,35.15,75.7611111111111
1610612765,Detroit Pistons,2021,82,23,59,104.82926829268293,23.463414634146343,42.98780487804878,43.139024390243904,32.71829268292683,78.14390243902439
1610612765,Detroit Pistons,2022,82,17,65,110.3048780487805,22.975609756097562,42.4390243902439,45.476829268292676,34.787804878048775,77.17560975609756
1610612765,Detroit Pistons,2023,82,14,68,109.8780487804878,25.463414634146343,43.329268292682926,46.39756097560975,34.87804878048781,78.5
1610612765,Detroit Pistons,2024,82,44,38,115.5,26.402439024390244,44.75609756097561,47.71341463414634,36.24268292682927,76.93170731707318
1610612765,Detroit Pistons,2025,37,28,9,118.54054054054055,26.83783783783784,46.08108108108108,48.505405405405405,35.47027027027027,74.67567567567566
1610612766,Charlotte Hornets,2010,82,34,48,93.29268292682927,21.073170731707318,40.146341463414636,45.21219512195122,31.958536585365856,75.52926829268293
1610612766,Charlotte Hornets,2011,66,7,59,86.95454545454545,20.09090909090909,38.95454545454545,41.516666666666666,28.774242424242424,74.27575757575757
1610612766,Charlotte Hornets,2012,82,21,61,93.42682926829268,19.353658536585368,40.31707317073171,42.53414634146341,33.38536585365854,75.39024390243902
1610612766,Charlotte Hornets,2013,82,43,39,96.85365853658537,21.682926829268293,42.68292682926829,44.34146341463415,34.95853658536585,73.88536585365854
1610612766,Charlotte Hornets,2014,82,33,49,94.15853658536585,20.170731707317074,44.0609756097561,42.06341463414634,31.297560975609755,74.75731707317074
1610612766,Charlotte Hornets,2015,82,48,34,103.40243902439025,21.682926829268293,43.9390243902439,43.89634146341463,36.15487804878049,79.51951219512196
1610612766,Charlotte Hornets,2016,82,36,46,104.89024390243902,23.0609756097561,43.58536585365854,44.3109756097561,34.80487804878049,81.64756097560975
1610612766,Charlotte Hornets,2017,82,36,46,108.21951219512195,21.585365853658537,45.46341463414634,45.05975609756097,36.28780487804878,74.73658536585366
1610612766,Charlotte Hornets,2018,82,39,43,110.7439024390244,23.23170731707317,43.80487804878049,44.86951219512195,35.12073170731707,79.24878048780486
1610612766,Charlotte Hornets,2019,65,23,42,102.87692307692308,23.83076923076923,42.784615384615385,43.51538461538462,34.927692307692304,74.86461538461539
1610612766,Charlotte Hornets,2020,72,33,39,109.45833333333333,26.84722222222222,43.763888888888886,45.538888888888884,36.79722222222222,75.47777777777777
1610612766,Charlotte Hornets,2021,82,43,39,115.32926829268293,28.073170731707318,44.573170731707314,46.993902439024396,36.520731707317076,74.22439024390243
1610612766,Charlotte Hornets,2022,82,27,55,110.95121951219512,25.146341463414632,44.53658536585366,45.834146341463416,32.94756097560976,74.84024390243901
1610612766,Charlotte Hornets,2023,82,21,61,106.58536585365853,24.79268292682927,40.28048780487805,46.11951219512195,35.33658536585366,78.8780487804878
1610612766,Charlotte Hornets,2024,82,19,63,105.09756097560975,24.317073170731707,45.19512195121951,43.09512195121951,33.72073170731708,77.92926829268293
1610612766,Charlotte Hornets,2025,38,13,25,115.42105263157895,26.263157894736842,44.63157894736842,45.72894736842105,37.10526315789473,81.42894736842106
